-- phpMyAdmin SQL Dump
-- version 4.6.6deb5
-- https://www.phpmyadmin.net/
--
-- Host: localhost:3306
-- Generation Time: May 28, 2019 at 10:51 PM
-- Server version: 5.7.25-0ubuntu0.18.04.2
-- PHP Version: 7.2.15-0ubuntu0.18.04.2

SET SQL_MODE = "NO_AUTO_VALUE_ON_ZERO";
SET time_zone = "+00:00";


/*!40101 SET @OLD_CHARACTER_SET_CLIENT=@@CHARACTER_SET_CLIENT */;
/*!40101 SET @OLD_CHARACTER_SET_RESULTS=@@CHARACTER_SET_RESULTS */;
/*!40101 SET @OLD_COLLATION_CONNECTION=@@COLLATION_CONNECTION */;
/*!40101 SET NAMES utf8mb4 */;

--
-- Database: `vsts_gps_test`
--

-- --------------------------------------------------------

--
-- Table structure for table `buses`
--

CREATE TABLE `buses` (
  `id` bigint(20) UNSIGNED NOT NULL,
  `number_plate` varchar(255) COLLATE utf8mb4_unicode_ci NOT NULL,
  `driver_name` varchar(255) COLLATE utf8mb4_unicode_ci NOT NULL,
  `bus_company_id` bigint(20) UNSIGNED NOT NULL,
  `created_at` timestamp NULL DEFAULT NULL,
  `updated_at` timestamp NULL DEFAULT NULL
) ENGINE=InnoDB DEFAULT CHARSET=utf8mb4 COLLATE=utf8mb4_unicode_ci;

--
-- Dumping data for table `buses`
--

INSERT INTO `buses` (`id`, `number_plate`, `driver_name`, `bus_company_id`, `created_at`, `updated_at`) VALUES
(1, 'UAA 0010', 'Opio', 1, '2019-03-11 06:36:17', '2019-03-11 06:36:17'),
(2, 'UAA 0011', 'Martin', 2, '2019-03-11 06:42:01', '2019-03-11 06:42:01'),
(3, 'UAB 123', 'Benja', 1, '2019-04-21 02:02:35', '2019-04-21 02:02:35'),
(4, 'UAB 1234', 'Kidega', 2, '2019-04-21 02:06:34', '2019-04-21 02:06:34'),
(5, 'UBE 747X', 'Alvin', 3, '2019-04-15 21:00:00', '2019-04-15 21:00:00'),
(6, 'UAA 755Q', 'Konstantinos Mavrapranos', 3, '2019-04-15 21:00:00', '2019-04-15 21:00:00'),
(7, 'UAL 746P', 'Benjamin Mavrapranos', 4, '2019-02-28 21:00:00', '2019-02-28 21:00:00'),
(8, 'UAT 567W', 'Alvin Apollos ', 4, '2019-02-19 21:00:00', '2019-02-19 21:00:00');

-- --------------------------------------------------------

--
-- Table structure for table `bus_admins`
--

CREATE TABLE `bus_admins` (
  `id` bigint(20) UNSIGNED NOT NULL,
  `company_id` bigint(20) UNSIGNED NOT NULL
) ENGINE=InnoDB DEFAULT CHARSET=latin1;

--
-- Dumping data for table `bus_admins`
--

INSERT INTO `bus_admins` (`id`, `company_id`) VALUES
(3, 1),
(4, 2);

-- --------------------------------------------------------

--
-- Table structure for table `bus_companies`
--

CREATE TABLE `bus_companies` (
  `id` bigint(20) UNSIGNED NOT NULL,
  `company_name` varchar(255) COLLATE utf8mb4_unicode_ci NOT NULL,
  `created_at` timestamp NULL DEFAULT NULL,
  `updated_at` timestamp NULL DEFAULT NULL
) ENGINE=InnoDB DEFAULT CHARSET=utf8mb4 COLLATE=utf8mb4_unicode_ci;

--
-- Dumping data for table `bus_companies`
--

INSERT INTO `bus_companies` (`id`, `company_name`, `created_at`, `updated_at`) VALUES
(1, 'Company A', '2019-03-11 06:25:10', '2019-03-11 06:25:10'),
(2, 'Company D', '2019-03-11 06:27:44', '2019-03-11 06:27:44'),
(3, 'Company B', '2019-04-21 21:00:00', '2019-04-21 21:00:00'),
(4, 'Company C', '2019-04-22 21:00:00', '2019-04-22 21:00:00');

-- --------------------------------------------------------

--
-- Table structure for table `devices`
--

CREATE TABLE `devices` (
  `id` bigint(20) UNSIGNED NOT NULL,
  `alphanumeric_string` varchar(255) COLLATE utf8mb4_unicode_ci NOT NULL,
  `created_at` timestamp NULL DEFAULT NULL,
  `updated_at` timestamp NULL DEFAULT NULL
) ENGINE=InnoDB DEFAULT CHARSET=utf8mb4 COLLATE=utf8mb4_unicode_ci;

--
-- Dumping data for table `devices`
--

INSERT INTO `devices` (`id`, `alphanumeric_string`, `created_at`, `updated_at`) VALUES
(1, 'ddeo01', '2019-03-11 06:47:24', '2019-03-11 06:47:24'),
(2, 'ddeo02', '2019-03-11 08:45:49', '2019-03-11 08:45:49'),
(3, 'dddeee122', '2019-04-21 05:22:11', '2019-04-21 05:22:11'),
(4, 'ddeo03', '2019-04-22 04:00:00', '2019-04-22 12:00:00'),
(5, 'ddeo04', '2019-04-22 23:00:00', '2019-04-22 05:00:00'),
(6, 'ddeo5', '2019-04-22 13:47:55', '2019-04-22 13:47:55'),
(7, 'ddeo06', '2019-04-22 13:48:11', '2019-04-22 13:48:11'),
(8, 'ddeo07', '2019-04-22 13:48:26', '2019-04-22 13:48:26'),
(9, 'ddeo08', '2019-04-22 13:48:35', '2019-04-22 13:48:35');

-- --------------------------------------------------------

--
-- Table structure for table `locations`
--

CREATE TABLE `locations` (
  `id` bigint(20) UNSIGNED NOT NULL,
  `location_finder_id` bigint(20) UNSIGNED NOT NULL,
  `speed` double(18,11) NOT NULL,
  `latitude` double(18,11) NOT NULL,
  `longitude` double(18,11) NOT NULL,
  `created_at` timestamp NULL DEFAULT NULL,
  `updated_at` timestamp NULL DEFAULT NULL
) ENGINE=InnoDB DEFAULT CHARSET=utf8mb4 COLLATE=utf8mb4_unicode_ci;

--
-- Dumping data for table `locations`
--

INSERT INTO `locations` (`id`, `location_finder_id`, `speed`, `latitude`, `longitude`, `created_at`, `updated_at`) VALUES
(1, 1, 0.00000000000, 0.33521000000, 32.56378100000, '2019-03-12 03:40:59', '2019-03-12 03:40:59'),
(2, 2, 0.00000000000, 0.33040100000, 32.57405900000, '2019-03-12 03:42:54', '2019-03-12 03:42:54'),
(3, 1, 1.00000000000, 0.32771400000, 32.56731400000, '2019-03-12 08:41:12', '2019-03-12 08:41:12'),
(4, 2, 0.00000000000, 0.33371500000, 32.57698800000, '2019-03-12 13:50:09', '2019-03-12 13:50:09'),
(17, 2, 5.00000000000, 0.34000000000, 32.56000000000, '2019-04-04 10:47:11', '2019-04-04 10:47:11'),
(18, 2, 5.00000000000, 0.34000000000, 32.56000000000, '2019-04-04 10:47:22', '2019-04-04 10:47:22'),
(19, 2, 5.00000000000, 0.34000000000, 32.56000000000, '2019-04-04 10:47:33', '2019-04-04 10:47:33'),
(20, 2, 5.00000000000, 0.34000000000, 32.56000000000, '2019-04-04 10:47:43', '2019-04-04 10:47:43'),
(21, 3, 200.00000000000, 0.33333333000, 32.45679580000, '2019-01-21 21:00:00', '2019-01-21 21:00:00'),
(22, 3, 121.00000000000, 0.33018245600, 56.89000000000, '2019-02-21 21:00:00', '2019-02-21 21:00:00'),
(23, 4, 120.00000000000, 0.45678990000, 56.65765000000, '2018-11-30 21:00:00', '2018-11-30 21:00:00'),
(24, 1, 89.00000000000, 0.89565460000, 45.89765430000, '2019-05-08 21:00:00', '2019-05-08 21:00:00'),
(25, 1, 60.00000000000, 0.98476300000, 56.98474000000, '2019-02-01 21:00:00', '2019-02-01 21:00:00'),
(26, 5, 50.00000000000, 2.25650000000, 32.24130000000, '2019-03-23 03:04:09', '2019-03-23 03:04:10'),
(27, 6, 96.00000000000, 2.01800000000, 32.08370000000, '2019-02-01 21:00:00', '2019-02-01 21:00:00'),
(28, 7, 146.00000000000, 2.75000000000, 30.91670000000, '2019-02-01 21:00:00', '2019-02-01 21:00:00'),
(29, 8, 111.00000000000, 2.44090000000, 31.35420000000, '2019-02-01 21:00:00', '2019-02-01 21:00:00'),
(30, 5, 30.00000000000, 3.56960000000, 31.67390000000, '2019-02-01 21:00:00', '2019-02-01 21:00:00'),
(31, 4, 0.27780000000, 0.33571800000, 32.56322800000, '2019-05-02 10:25:55', '2019-05-02 10:25:55'),
(32, 4, 0.18520000000, 0.33572200000, 32.56323000000, '2019-05-02 10:26:00', '2019-05-02 10:26:00'),
(33, 4, 0.07408000000, 0.33572200000, 32.56323000000, '2019-05-02 10:26:06', '2019-05-02 10:26:06'),
(34, 4, 0.03704000000, 0.33572200000, 32.56323000000, '2019-05-02 10:26:12', '2019-05-02 10:26:12'),
(35, 4, 0.05556000000, 0.33572200000, 32.56323000000, '2019-05-02 10:26:17', '2019-05-02 10:26:17'),
(36, 4, 0.03704000000, 0.33572200000, 32.56322800000, '2019-05-02 10:26:22', '2019-05-02 10:26:22'),
(37, 4, 0.09260000000, 0.33572000000, 32.56322800000, '2019-05-02 10:26:28', '2019-05-02 10:26:28'),
(38, 4, 0.05556000000, 0.33571200000, 32.56323200000, '2019-05-02 10:26:34', '2019-05-02 10:26:34'),
(39, 4, 0.18520000000, 0.33569700000, 32.56322500000, '2019-05-02 10:26:39', '2019-05-02 10:26:39'),
(40, 4, 0.27780000000, 0.33569500000, 32.56322300000, '2019-05-02 10:26:45', '2019-05-02 10:26:45'),
(41, 4, 0.35188000000, 0.33569200000, 32.56322000000, '2019-05-02 10:26:50', '2019-05-02 10:26:50'),
(42, 4, 0.22224000000, 0.33568700000, 32.56322300000, '2019-05-02 10:26:55', '2019-05-02 10:26:55'),
(43, 4, 0.31484000000, 0.33567300000, 32.56322200000, '2019-05-02 10:27:01', '2019-05-02 10:27:01'),
(44, 4, 0.27780000000, 0.33567000000, 32.56321800000, '2019-05-02 10:27:07', '2019-05-02 10:27:07'),
(45, 4, 0.35188000000, 0.33566700000, 32.56321500000, '2019-05-02 10:27:12', '2019-05-02 10:27:12'),
(46, 4, 0.40744000000, 0.33566200000, 32.56321200000, '2019-05-02 10:27:17', '2019-05-02 10:27:17'),
(47, 4, 0.42596000000, 0.33565800000, 32.56320800000, '2019-05-02 10:27:23', '2019-05-02 10:27:23'),
(48, 4, 0.35188000000, 0.33565200000, 32.56320700000, '2019-05-02 10:27:28', '2019-05-02 10:27:28'),
(49, 4, 0.33336000000, 0.33564700000, 32.56320700000, '2019-05-02 10:27:34', '2019-05-02 10:27:34'),
(50, 4, 0.22224000000, 0.33564300000, 32.56320700000, '2019-05-02 10:27:39', '2019-05-02 10:27:39'),
(51, 4, 0.31484000000, 0.33564000000, 32.56320800000, '2019-05-02 10:27:45', '2019-05-02 10:27:45'),
(52, 4, 0.31484000000, 0.33563500000, 32.56321000000, '2019-05-02 10:27:51', '2019-05-02 10:27:51'),
(53, 4, 0.00000000000, 0.33533700000, 32.56317500000, '2019-05-02 12:41:23', '2019-05-02 12:41:23'),
(54, 4, 1.40752000000, 0.33537000000, 32.56316300000, '2019-05-02 12:41:28', '2019-05-02 12:41:28'),
(55, 4, 0.16668000000, 0.33538700000, 32.56315800000, '2019-05-02 12:41:34', '2019-05-02 12:41:34'),
(56, 4, 0.38892000000, 0.33541500000, 32.56315000000, '2019-05-02 12:41:39', '2019-05-02 12:41:39'),
(57, 4, 0.66672000000, 0.33540000000, 32.56316000000, '2019-05-02 12:41:44', '2019-05-02 12:41:44'),
(58, 4, 0.05556000000, 0.33540500000, 32.56317300000, '2019-05-02 12:41:49', '2019-05-02 12:41:49'),
(59, 4, 0.88896000000, 0.33542200000, 32.56316500000, '2019-05-02 12:41:55', '2019-05-02 12:41:55'),
(60, 4, 0.14816000000, 0.33542000000, 32.56316500000, '2019-05-02 12:42:02', '2019-05-02 12:42:02'),
(61, 4, 0.40744000000, 0.33541800000, 32.56316500000, '2019-05-02 12:42:08', '2019-05-02 12:42:08'),
(62, 4, 0.18520000000, 0.33541500000, 32.56316300000, '2019-05-02 12:42:14', '2019-05-02 12:42:14'),
(63, 4, 0.09260000000, 0.33541000000, 32.56316700000, '2019-05-02 12:42:20', '2019-05-02 12:42:20'),
(64, 4, 0.01852000000, 0.33539000000, 32.56318200000, '2019-05-02 12:42:26', '2019-05-02 12:42:26'),
(65, 4, 0.01852000000, 0.33538800000, 32.56318200000, '2019-05-02 12:42:31', '2019-05-02 12:42:31'),
(66, 4, 0.00000000000, 0.33538700000, 32.56318200000, '2019-05-02 12:42:37', '2019-05-02 12:42:37'),
(67, 4, 0.01852000000, 0.33538700000, 32.56318200000, '2019-05-02 12:42:43', '2019-05-02 12:42:43'),
(68, 4, 0.00000000000, 0.33538700000, 32.56318200000, '2019-05-02 12:42:48', '2019-05-02 12:42:48'),
(69, 4, 0.00000000000, 0.33538700000, 32.56318200000, '2019-05-02 12:42:53', '2019-05-02 12:42:53'),
(70, 4, 0.01852000000, 0.33538500000, 32.56318300000, '2019-05-02 12:42:59', '2019-05-02 12:42:59'),
(71, 4, 0.01852000000, 0.33538500000, 32.56318300000, '2019-05-02 12:43:04', '2019-05-02 12:43:04'),
(72, 4, 0.01852000000, 0.33538500000, 32.56318300000, '2019-05-02 12:43:09', '2019-05-02 12:43:09'),
(73, 4, 0.03704000000, 0.33538500000, 32.56318300000, '2019-05-02 12:43:15', '2019-05-02 12:43:15'),
(74, 4, 0.01852000000, 0.33538500000, 32.56318300000, '2019-05-02 12:43:21', '2019-05-02 12:43:21'),
(75, 4, 0.01852000000, 0.33538700000, 32.56318200000, '2019-05-02 12:43:26', '2019-05-02 12:43:26'),
(76, 4, 0.03704000000, 0.33538700000, 32.56318200000, '2019-05-02 12:43:32', '2019-05-02 12:43:32'),
(77, 4, 0.09260000000, 0.33538500000, 32.56318200000, '2019-05-02 12:43:37', '2019-05-02 12:43:37'),
(78, 4, 22.80000000000, 0.33607700000, 32.56363700000, '2019-05-02 12:52:38', '2019-05-02 12:52:38'),
(79, 4, 3.02000000000, 0.33596300000, 32.56366000000, '2019-05-02 12:52:44', '2019-05-02 12:52:44'),
(80, 4, 4.94000000000, 0.33592300000, 32.56366800000, '2019-05-02 12:52:49', '2019-05-02 12:52:49'),
(81, 4, 7.83000000000, 0.33583000000, 32.56368300000, '2019-05-02 12:52:54', '2019-05-02 12:52:54'),
(82, 4, 14.83000000000, 0.33571200000, 32.56370300000, '2019-05-02 12:53:00', '2019-05-02 12:53:00'),
(83, 4, 8.78000000000, 0.33554200000, 32.56373300000, '2019-05-02 12:53:06', '2019-05-02 12:53:06'),
(84, 4, 3.07000000000, 0.33546500000, 32.56375300000, '2019-05-02 12:53:12', '2019-05-02 12:53:12'),
(85, 4, 8.30000000000, 0.33541000000, 32.56376200000, '2019-05-02 12:53:17', '2019-05-02 12:53:17'),
(86, 4, 7.00000000000, 0.33526700000, 32.56379300000, '2019-05-02 12:53:22', '2019-05-02 12:53:22'),
(87, 4, 6.04000000000, 0.33521200000, 32.56380300000, '2019-05-02 12:53:28', '2019-05-02 12:53:28'),
(88, 4, 2.39000000000, 0.33514000000, 32.56382000000, '2019-05-02 12:53:34', '2019-05-02 12:53:34'),
(89, 4, 3.19000000000, 0.33509700000, 32.56382500000, '2019-05-02 12:53:40', '2019-05-02 12:53:40'),
(90, 4, 7.32000000000, 0.33500700000, 32.56383500000, '2019-05-02 12:53:45', '2019-05-02 12:53:45'),
(91, 4, 4.37000000000, 0.33493000000, 32.56384700000, '2019-05-02 12:53:51', '2019-05-02 12:53:51'),
(92, 4, 1.19000000000, 0.33491300000, 32.56385500000, '2019-05-02 12:53:56', '2019-05-02 12:53:56'),
(93, 4, 4.59000000000, 0.33486800000, 32.56387700000, '2019-05-02 12:54:02', '2019-05-02 12:54:02'),
(94, 4, 8.06000000000, 0.33483500000, 32.56396700000, '2019-05-02 12:54:07', '2019-05-02 12:54:07'),
(95, 4, 17.35000000000, 0.33492200000, 32.56406300000, '2019-05-02 12:54:13', '2019-05-02 12:54:13'),
(96, 4, 6.46000000000, 0.33520500000, 32.56405500000, '2019-05-02 12:54:18', '2019-05-02 12:54:18'),
(97, 4, 0.00000000000, 0.33520800000, 32.56405000000, '2019-05-02 12:54:23', '2019-05-02 12:54:23'),
(98, 4, 0.00000000000, 0.33520800000, 32.56405000000, '2019-05-02 12:54:30', '2019-05-02 12:54:30'),
(99, 4, 14.63000000000, 0.33526000000, 32.56405700000, '2019-05-02 12:54:36', '2019-05-02 12:54:36'),
(100, 4, 19.83000000000, 0.33553200000, 32.56418800000, '2019-05-02 12:54:42', '2019-05-02 12:54:42'),
(101, 4, 29.28000000000, 0.33562300000, 32.56455300000, '2019-05-02 12:54:47', '2019-05-02 12:54:47'),
(102, 4, 33.98000000000, 0.33568500000, 32.56497000000, '2019-05-02 12:54:53', '2019-05-02 12:54:53'),
(103, 4, 13.72000000000, 0.33566700000, 32.56525300000, '2019-05-02 12:54:58', '2019-05-02 12:54:58'),
(104, 4, 20.45000000000, 0.33546000000, 32.56531500000, '2019-05-02 12:55:04', '2019-05-02 12:55:04'),
(105, 4, 35.21000000000, 0.33510800000, 32.56543000000, '2019-05-02 12:55:09', '2019-05-02 12:55:09'),
(106, 4, 28.58000000000, 0.33477000000, 32.56557000000, '2019-05-02 12:55:14', '2019-05-02 12:55:14'),
(107, 4, 44.87000000000, 0.33438200000, 32.56581300000, '2019-05-02 12:55:19', '2019-05-02 12:55:19'),
(108, 4, 41.30000000000, 0.33385000000, 32.56600800000, '2019-05-02 12:55:25', '2019-05-02 12:55:25'),
(109, 4, 32.98000000000, 0.33333200000, 32.56602700000, '2019-05-02 12:55:30', '2019-05-02 12:55:30'),
(110, 4, 27.80000000000, 0.33290300000, 32.56612700000, '2019-05-02 12:55:36', '2019-05-02 12:55:36'),
(111, 4, 27.80000000000, 0.33251700000, 32.56633500000, '2019-05-02 12:55:41', '2019-05-02 12:55:41'),
(112, 4, 21.08000000000, 0.33222300000, 32.56649700000, '2019-05-02 12:55:46', '2019-05-02 12:55:46'),
(113, 4, 7.80000000000, 0.33199200000, 32.56658800000, '2019-05-02 12:55:52', '2019-05-02 12:55:52'),
(114, 4, 25.21000000000, 0.33180000000, 32.56665000000, '2019-05-02 12:55:58', '2019-05-02 12:55:58'),
(115, 4, 24.58000000000, 0.33141800000, 32.56676800000, '2019-05-02 12:56:04', '2019-05-02 12:56:04'),
(116, 4, 26.84000000000, 0.33100200000, 32.56691200000, '2019-05-02 12:56:09', '2019-05-02 12:56:09'),
(117, 4, 19.82000000000, 0.33082000000, 32.56702000000, '2019-05-02 12:56:16', '2019-05-02 12:56:16'),
(118, 4, 39.78000000000, 0.33037500000, 32.56723000000, '2019-05-02 12:56:21', '2019-05-02 12:56:21'),
(119, 4, 27.74000000000, 0.33002200000, 32.56744200000, '2019-05-02 12:56:27', '2019-05-02 12:56:27'),
(120, 4, 29.74000000000, 0.32983800000, 32.56783000000, '2019-05-02 12:56:32', '2019-05-02 12:56:32'),
(121, 4, 12.58000000000, 0.32984500000, 32.56808800000, '2019-05-02 12:56:38', '2019-05-02 12:56:38'),
(122, 4, 11.59000000000, 0.32987200000, 32.56820500000, '2019-05-02 12:56:43', '2019-05-02 12:56:43'),
(123, 4, 0.09000000000, 0.32981800000, 32.56830200000, '2019-05-02 12:56:48', '2019-05-02 12:56:48'),
(124, 4, 0.00000000000, 0.32981300000, 32.56830300000, '2019-05-02 12:56:54', '2019-05-02 12:56:54'),
(125, 4, 0.00000000000, 0.32981300000, 32.56830300000, '2019-05-02 12:56:59', '2019-05-02 12:56:59'),
(126, 4, 0.00000000000, 0.32981300000, 32.56830300000, '2019-05-02 12:57:05', '2019-05-02 12:57:05'),
(127, 4, 0.00000000000, 0.32981300000, 32.56830300000, '2019-05-02 12:57:11', '2019-05-02 12:57:11'),
(128, 4, 0.02000000000, 0.32981300000, 32.56830300000, '2019-05-02 12:57:17', '2019-05-02 12:57:17'),
(129, 4, 0.02000000000, 0.32981300000, 32.56830300000, '2019-05-02 12:57:22', '2019-05-02 12:57:22'),
(130, 4, 0.00000000000, 0.32981300000, 32.56830300000, '2019-05-02 12:57:28', '2019-05-02 12:57:28'),
(131, 4, 0.02000000000, 0.32981500000, 32.56830300000, '2019-05-02 12:57:33', '2019-05-02 12:57:33'),
(132, 4, 0.02000000000, 0.32981500000, 32.56830300000, '2019-05-02 12:57:38', '2019-05-02 12:57:38'),
(133, 4, 0.02000000000, 0.32981500000, 32.56830300000, '2019-05-02 12:57:44', '2019-05-02 12:57:44'),
(134, 4, 0.00000000000, 0.32981300000, 32.56830300000, '2019-05-02 12:57:49', '2019-05-02 12:57:49'),
(135, 4, 0.00000000000, 0.32981300000, 32.56830300000, '2019-05-02 12:57:55', '2019-05-02 12:57:55'),
(136, 4, 0.00000000000, 0.32981300000, 32.56830300000, '2019-05-02 12:58:01', '2019-05-02 12:58:01'),
(137, 4, 0.00000000000, 0.32981300000, 32.56830300000, '2019-05-02 12:58:07', '2019-05-02 12:58:07'),
(138, 4, 0.00000000000, 0.32981300000, 32.56830300000, '2019-05-02 12:58:12', '2019-05-02 12:58:12'),
(139, 4, 0.00000000000, 0.32981300000, 32.56830200000, '2019-05-02 12:58:17', '2019-05-02 12:58:17'),
(140, 4, 0.02000000000, 0.32981300000, 32.56830200000, '2019-05-02 12:58:23', '2019-05-02 12:58:23'),
(141, 4, 0.02000000000, 0.32981300000, 32.56830200000, '2019-05-02 12:58:28', '2019-05-02 12:58:28'),
(142, 4, 0.00000000000, 0.32981300000, 32.56830200000, '2019-05-02 12:58:34', '2019-05-02 12:58:34'),
(143, 4, 0.02000000000, 0.32981300000, 32.56830200000, '2019-05-02 12:58:40', '2019-05-02 12:58:40'),
(144, 4, 0.00000000000, 0.32981300000, 32.56830200000, '2019-05-02 12:58:45', '2019-05-02 12:58:45'),
(145, 4, 0.00000000000, 0.32981300000, 32.56830200000, '2019-05-02 12:58:51', '2019-05-02 12:58:51'),
(146, 4, 0.00000000000, 0.32981300000, 32.56830200000, '2019-05-02 12:58:56', '2019-05-02 12:58:56'),
(147, 4, 0.00000000000, 0.32981300000, 32.56830200000, '2019-05-02 12:59:02', '2019-05-02 12:59:02'),
(148, 4, 0.02000000000, 0.32981300000, 32.56830300000, '2019-05-02 12:59:07', '2019-05-02 12:59:07'),
(149, 4, 0.00000000000, 0.32981300000, 32.56830300000, '2019-05-02 12:59:13', '2019-05-02 12:59:13'),
(150, 4, 0.00000000000, 0.32981300000, 32.56830300000, '2019-05-02 12:59:18', '2019-05-02 12:59:18'),
(151, 4, 0.02000000000, 0.32981300000, 32.56830300000, '2019-05-02 12:59:23', '2019-05-02 12:59:23'),
(152, 4, 0.00000000000, 0.32981300000, 32.56830300000, '2019-05-02 12:59:29', '2019-05-02 12:59:29'),
(153, 4, 0.02000000000, 0.32981300000, 32.56830300000, '2019-05-02 12:59:34', '2019-05-02 12:59:34'),
(154, 4, 0.00000000000, 0.32981300000, 32.56830300000, '2019-05-02 12:59:39', '2019-05-02 12:59:39'),
(155, 4, 0.02000000000, 0.32981300000, 32.56830300000, '2019-05-02 12:59:45', '2019-05-02 12:59:45'),
(156, 4, 0.02000000000, 0.32981300000, 32.56830300000, '2019-05-02 12:59:50', '2019-05-02 12:59:50'),
(157, 4, 15.09000000000, 0.32992000000, 32.56839800000, '2019-05-02 13:06:08', '2019-05-02 13:06:08'),
(158, 4, 28.39000000000, 0.33002500000, 32.56866000000, '2019-05-02 13:06:14', '2019-05-02 13:06:14'),
(159, 4, 41.39000000000, 0.33016700000, 32.56918800000, '2019-05-02 13:06:19', '2019-05-02 13:06:19'),
(160, 4, 29.52000000000, 0.33022000000, 32.56956500000, '2019-05-02 13:06:25', '2019-05-02 13:06:25'),
(161, 4, 20.82000000000, 0.33024500000, 32.56999700000, '2019-05-02 13:06:30', '2019-05-02 13:06:30'),
(162, 4, 21.58000000000, 0.33021200000, 32.57032000000, '2019-05-02 13:06:36', '2019-05-02 13:06:36'),
(163, 4, 17.39000000000, 0.33033800000, 32.57052200000, '2019-05-02 13:06:41', '2019-05-02 13:06:41'),
(164, 4, 20.76000000000, 0.33055800000, 32.57045000000, '2019-05-02 13:06:47', '2019-05-02 13:06:47'),
(165, 4, 25.45000000000, 0.33090200000, 32.57026300000, '2019-05-02 13:06:52', '2019-05-02 13:06:52'),
(166, 4, 7.24000000000, 0.33105700000, 32.57022000000, '2019-05-02 13:06:58', '2019-05-02 13:06:58'),
(167, 4, 7.24000000000, 0.33110000000, 32.57028200000, '2019-05-02 13:07:04', '2019-05-02 13:07:04'),
(168, 4, 6.80000000000, 0.33118700000, 32.57029300000, '2019-05-02 13:07:10', '2019-05-02 13:07:10'),
(169, 4, 4.06000000000, 0.33126700000, 32.57028300000, '2019-05-02 13:07:15', '2019-05-02 13:07:15'),
(170, 4, 2.50000000000, 0.33130200000, 32.57028000000, '2019-05-02 13:07:20', '2019-05-02 13:07:20'),
(171, 4, 1.67000000000, 0.33131800000, 32.57027300000, '2019-05-02 13:07:26', '2019-05-02 13:07:26'),
(172, 4, 0.00000000000, 0.33131200000, 32.57053000000, '2019-05-02 13:18:26', '2019-05-02 13:18:26'),
(173, 4, 0.63000000000, 0.33128200000, 32.57050700000, '2019-05-02 13:18:31', '2019-05-02 13:18:31'),
(174, 4, 0.63000000000, 0.33126200000, 32.57045000000, '2019-05-02 13:18:37', '2019-05-02 13:18:37'),
(175, 4, 0.20000000000, 0.33121500000, 32.57047800000, '2019-05-02 13:18:42', '2019-05-02 13:18:42'),
(176, 4, 0.20000000000, 0.33116800000, 32.57053800000, '2019-05-02 13:18:49', '2019-05-02 13:18:49'),
(177, 4, 0.37000000000, 0.33116200000, 32.57053200000, '2019-05-02 13:18:54', '2019-05-02 13:18:54'),
(178, 4, 0.33000000000, 0.33117200000, 32.57053000000, '2019-05-02 13:19:00', '2019-05-02 13:19:00'),
(179, 4, 0.06000000000, 0.33117700000, 32.57052500000, '2019-05-02 13:19:05', '2019-05-02 13:19:05'),
(180, 4, 0.48000000000, 0.33119700000, 32.57051800000, '2019-05-02 13:19:11', '2019-05-02 13:19:11'),
(181, 4, 0.48000000000, 0.33124300000, 32.57050500000, '2019-05-02 13:19:16', '2019-05-02 13:19:16'),
(182, 4, 0.19000000000, 0.33125000000, 32.57049500000, '2019-05-02 13:19:22', '2019-05-02 13:19:22'),
(183, 4, 0.09000000000, 0.33125500000, 32.57048700000, '2019-05-02 13:19:28', '2019-05-02 13:19:28'),
(184, 4, 0.09000000000, 0.33125700000, 32.57048500000, '2019-05-02 13:19:33', '2019-05-02 13:19:33'),
(185, 4, 0.24000000000, 0.33125800000, 32.57048500000, '2019-05-02 13:19:39', '2019-05-02 13:19:39'),
(186, 4, 0.26000000000, 0.33126000000, 32.57048500000, '2019-05-02 13:19:44', '2019-05-02 13:19:44'),
(187, 4, 0.43000000000, 0.33126300000, 32.57048300000, '2019-05-02 13:19:49', '2019-05-02 13:19:49'),
(188, 4, 0.61000000000, 0.33127200000, 32.57048300000, '2019-05-02 13:19:55', '2019-05-02 13:19:55'),
(189, 4, 0.56000000000, 0.33127700000, 32.57048000000, '2019-05-02 13:20:00', '2019-05-02 13:20:00'),
(190, 4, 0.48000000000, 0.33128000000, 32.57047800000, '2019-05-02 13:20:06', '2019-05-02 13:20:06'),
(191, 4, 0.19000000000, 0.33127700000, 32.57047500000, '2019-05-02 13:20:12', '2019-05-02 13:20:12'),
(192, 4, 0.17000000000, 0.33127800000, 32.57047500000, '2019-05-02 13:20:18', '2019-05-02 13:20:18'),
(193, 4, 0.26000000000, 0.33127700000, 32.57047500000, '2019-05-02 13:20:23', '2019-05-02 13:20:23'),
(194, 4, 0.28000000000, 0.33127300000, 32.57047300000, '2019-05-02 13:20:29', '2019-05-02 13:20:29'),
(195, 4, 0.35000000000, 0.33127000000, 32.57047000000, '2019-05-02 13:20:34', '2019-05-02 13:20:34'),
(196, 4, 0.37000000000, 0.33126500000, 32.57046800000, '2019-05-02 13:20:40', '2019-05-02 13:20:40'),
(197, 4, 0.19000000000, 0.33126200000, 32.57046700000, '2019-05-02 13:20:46', '2019-05-02 13:20:46'),
(198, 4, 0.19000000000, 0.33126000000, 32.57046700000, '2019-05-02 13:20:51', '2019-05-02 13:20:51'),
(199, 4, 0.13000000000, 0.33125700000, 32.57046500000, '2019-05-02 13:20:57', '2019-05-02 13:20:57'),
(200, 4, 0.15000000000, 0.33125500000, 32.57046300000, '2019-05-02 13:21:02', '2019-05-02 13:21:02'),
(201, 4, 0.31000000000, 0.33125700000, 32.57046500000, '2019-05-02 13:21:08', '2019-05-02 13:21:08'),
(202, 4, 0.24000000000, 0.33125700000, 32.57046700000, '2019-05-02 13:21:13', '2019-05-02 13:21:13'),
(203, 4, 0.20000000000, 0.33125500000, 32.57046800000, '2019-05-02 13:21:19', '2019-05-02 13:21:19'),
(204, 4, 0.19000000000, 0.33125700000, 32.57046700000, '2019-05-02 13:21:24', '2019-05-02 13:21:24'),
(205, 4, 0.09000000000, 0.33125700000, 32.57046700000, '2019-05-02 13:21:30', '2019-05-02 13:21:30'),
(206, 4, 0.15000000000, 0.33125700000, 32.57046500000, '2019-05-02 13:21:35', '2019-05-02 13:21:35'),
(207, 4, 0.50000000000, 0.33125300000, 32.57046300000, '2019-05-02 13:21:41', '2019-05-02 13:21:41'),
(208, 4, 0.19000000000, 0.33125000000, 32.57046200000, '2019-05-02 13:21:46', '2019-05-02 13:21:46'),
(209, 4, 0.19000000000, 0.33124700000, 32.57046000000, '2019-05-02 13:21:51', '2019-05-02 13:21:51'),
(210, 4, 0.20000000000, 0.33124500000, 32.57045800000, '2019-05-02 13:21:57', '2019-05-02 13:21:57'),
(211, 4, 0.35000000000, 0.33123300000, 32.57046000000, '2019-05-02 13:22:03', '2019-05-02 13:22:03'),
(212, 4, 0.15000000000, 0.33122200000, 32.57046300000, '2019-05-02 13:22:09', '2019-05-02 13:22:09'),
(213, 4, 0.09000000000, 0.33122000000, 32.57046200000, '2019-05-02 13:22:15', '2019-05-02 13:22:15'),
(214, 4, 0.06000000000, 0.33121700000, 32.57046000000, '2019-05-02 13:22:21', '2019-05-02 13:22:21'),
(215, 4, 0.07000000000, 0.33121700000, 32.57046200000, '2019-05-02 13:22:27', '2019-05-02 13:22:27'),
(216, 4, 0.11000000000, 0.33121700000, 32.57046200000, '2019-05-02 13:22:32', '2019-05-02 13:22:32'),
(217, 4, 0.04000000000, 0.33121700000, 32.57046200000, '2019-05-02 13:22:37', '2019-05-02 13:22:37'),
(218, 4, 0.06000000000, 0.33121700000, 32.57046200000, '2019-05-02 13:22:43', '2019-05-02 13:22:43'),
(219, 4, 0.02000000000, 0.33121700000, 32.57046200000, '2019-05-02 13:22:49', '2019-05-02 13:22:49'),
(220, 4, 0.04000000000, 0.33121700000, 32.57046200000, '2019-05-02 13:22:55', '2019-05-02 13:22:55'),
(221, 4, 0.13000000000, 0.33121500000, 32.57046200000, '2019-05-02 13:23:00', '2019-05-02 13:23:00'),
(222, 4, 0.13000000000, 0.33121300000, 32.57046200000, '2019-05-02 13:23:06', '2019-05-02 13:23:06'),
(223, 4, 0.30000000000, 0.33121200000, 32.57046000000, '2019-05-02 13:23:12', '2019-05-02 13:23:12'),
(224, 4, 0.11000000000, 0.33121000000, 32.57046000000, '2019-05-02 13:23:17', '2019-05-02 13:23:17'),
(225, 4, 0.04000000000, 0.33120800000, 32.57046000000, '2019-05-02 13:23:23', '2019-05-02 13:23:23'),
(226, 4, 0.02000000000, 0.33121000000, 32.57045800000, '2019-05-02 13:23:29', '2019-05-02 13:23:29'),
(227, 4, 0.06000000000, 0.33120800000, 32.57045800000, '2019-05-02 13:23:34', '2019-05-02 13:23:34'),
(228, 4, 0.24000000000, 0.33120800000, 32.57045800000, '2019-05-02 13:23:39', '2019-05-02 13:23:39'),
(229, 4, 0.24000000000, 0.33120300000, 32.57045700000, '2019-05-02 13:23:45', '2019-05-02 13:23:45'),
(230, 4, 0.24000000000, 0.33120000000, 32.57045500000, '2019-05-02 13:23:50', '2019-05-02 13:23:50'),
(231, 4, 0.39000000000, 0.33119700000, 32.57045500000, '2019-05-02 13:23:56', '2019-05-02 13:23:56'),
(232, 4, 1.28000000000, 0.33117000000, 32.57045000000, '2019-05-02 13:24:01', '2019-05-02 13:24:01'),
(233, 4, 1.31000000000, 0.33113000000, 32.57043700000, '2019-05-02 13:24:08', '2019-05-02 13:24:08'),
(234, 4, 0.69000000000, 0.33113300000, 32.57044500000, '2019-05-02 13:24:14', '2019-05-02 13:24:14'),
(235, 4, 0.56000000000, 0.33112500000, 32.57044300000, '2019-05-02 13:24:19', '2019-05-02 13:24:19'),
(236, 4, 0.46000000000, 0.33111700000, 32.57044500000, '2019-05-02 13:24:25', '2019-05-02 13:24:25'),
(237, 4, 1.70000000000, 0.33107800000, 32.57045300000, '2019-05-02 13:24:31', '2019-05-02 13:24:31'),
(238, 4, 2.06000000000, 0.33098300000, 32.57047700000, '2019-05-02 13:24:37', '2019-05-02 13:24:37'),
(239, 4, 0.63000000000, 0.33096000000, 32.57050000000, '2019-05-02 13:24:42', '2019-05-02 13:24:42'),
(240, 4, 0.11000000000, 0.33095500000, 32.57050000000, '2019-05-02 13:24:47', '2019-05-02 13:24:47'),
(241, 4, 0.26000000000, 0.33095200000, 32.57049800000, '2019-05-02 13:24:53', '2019-05-02 13:24:53'),
(242, 4, 0.22000000000, 0.33094800000, 32.57049800000, '2019-05-02 13:24:58', '2019-05-02 13:24:58'),
(243, 4, 0.22000000000, 0.33094700000, 32.57049700000, '2019-05-02 13:25:04', '2019-05-02 13:25:04'),
(244, 4, 0.17000000000, 0.33095000000, 32.57049500000, '2019-05-02 13:25:10', '2019-05-02 13:25:10'),
(245, 4, 0.09000000000, 0.33095300000, 32.57049700000, '2019-05-02 13:25:15', '2019-05-02 13:25:15'),
(246, 4, 0.31000000000, 0.33095300000, 32.57049700000, '2019-05-02 13:25:21', '2019-05-02 13:25:21'),
(247, 4, 0.17000000000, 0.33095800000, 32.57049700000, '2019-05-02 13:25:27', '2019-05-02 13:25:27'),
(248, 4, 0.43000000000, 0.33097300000, 32.57049300000, '2019-05-02 13:25:40', '2019-05-02 13:25:40'),
(249, 4, 0.43000000000, 0.33097700000, 32.57049200000, '2019-05-02 13:25:46', '2019-05-02 13:25:46'),
(250, 4, 0.09000000000, 0.33098200000, 32.57047300000, '2019-05-02 13:25:51', '2019-05-02 13:25:51'),
(251, 4, 0.09000000000, 0.33097800000, 32.57047000000, '2019-05-02 13:25:57', '2019-05-02 13:25:57'),
(252, 4, 0.54000000000, 0.33095500000, 32.57047000000, '2019-05-02 13:26:03', '2019-05-02 13:26:03'),
(253, 4, 0.28000000000, 0.33092300000, 32.57048700000, '2019-05-02 13:26:08', '2019-05-02 13:26:08'),
(254, 4, 0.20000000000, 0.33091700000, 32.57050300000, '2019-05-02 13:26:14', '2019-05-02 13:26:14'),
(255, 4, 0.28000000000, 0.33092300000, 32.57051200000, '2019-05-02 13:26:19', '2019-05-02 13:26:19'),
(256, 4, 0.31000000000, 0.33092500000, 32.57051000000, '2019-05-02 13:26:25', '2019-05-02 13:26:25'),
(257, 4, 0.22000000000, 0.33092700000, 32.57050800000, '2019-05-02 13:26:31', '2019-05-02 13:26:31'),
(258, 4, 0.52000000000, 0.33093300000, 32.57050700000, '2019-05-02 13:26:37', '2019-05-02 13:26:37'),
(259, 4, 0.56000000000, 0.33094300000, 32.57049200000, '2019-05-02 13:26:42', '2019-05-02 13:26:42'),
(260, 4, 0.33000000000, 0.33094700000, 32.57048500000, '2019-05-02 13:26:48', '2019-05-02 13:26:48'),
(261, 4, 0.33000000000, 0.33095000000, 32.57048500000, '2019-05-02 13:26:53', '2019-05-02 13:26:53'),
(262, 4, 0.46000000000, 0.33094800000, 32.57048300000, '2019-05-02 13:26:59', '2019-05-02 13:26:59'),
(263, 4, 0.13000000000, 0.33094500000, 32.57048300000, '2019-05-02 13:27:04', '2019-05-02 13:27:04'),
(264, 4, 0.37000000000, 0.33094700000, 32.57048300000, '2019-05-02 13:27:09', '2019-05-02 13:27:09'),
(265, 4, 0.31000000000, 0.33095000000, 32.57048500000, '2019-05-02 13:27:15', '2019-05-02 13:27:15'),
(266, 4, 0.30000000000, 0.33094000000, 32.57048700000, '2019-05-02 13:27:20', '2019-05-02 13:27:20'),
(267, 4, 0.33000000000, 0.33088500000, 32.57049200000, '2019-05-02 13:27:26', '2019-05-02 13:27:26'),
(268, 4, 0.15000000000, 0.33086000000, 32.57049200000, '2019-05-02 13:27:32', '2019-05-02 13:27:32'),
(269, 4, 0.26000000000, 0.33088500000, 32.57048200000, '2019-05-02 13:27:38', '2019-05-02 13:27:38'),
(270, 4, 0.35000000000, 0.33091700000, 32.57047800000, '2019-05-02 13:27:43', '2019-05-02 13:27:43'),
(271, 4, 0.65000000000, 0.33095300000, 32.57047500000, '2019-05-02 13:27:48', '2019-05-02 13:27:48'),
(272, 4, 0.59000000000, 0.33097000000, 32.57047500000, '2019-05-02 13:27:54', '2019-05-02 13:27:54'),
(273, 4, 0.59000000000, 0.33097000000, 32.57047800000, '2019-05-02 13:28:00', '2019-05-02 13:28:00'),
(274, 4, 0.33000000000, 0.33096800000, 32.57048300000, '2019-05-02 13:28:06', '2019-05-02 13:28:06'),
(275, 4, 0.28000000000, 0.33099000000, 32.57048800000, '2019-05-02 13:28:11', '2019-05-02 13:28:11'),
(276, 4, 0.37000000000, 0.33099700000, 32.57048300000, '2019-05-02 13:28:17', '2019-05-02 13:28:17'),
(277, 4, 0.26000000000, 0.33101300000, 32.57047500000, '2019-05-02 13:28:22', '2019-05-02 13:28:22'),
(278, 4, 0.26000000000, 0.33103500000, 32.57047700000, '2019-05-02 13:28:28', '2019-05-02 13:28:28'),
(279, 4, 0.15000000000, 0.33105500000, 32.57047700000, '2019-05-02 13:28:34', '2019-05-02 13:28:34'),
(280, 4, 0.09000000000, 0.33104000000, 32.57047300000, '2019-05-02 13:28:40', '2019-05-02 13:28:40'),
(281, 4, 0.56000000000, 0.33103300000, 32.57047000000, '2019-05-02 13:28:45', '2019-05-02 13:28:45'),
(282, 4, 0.46000000000, 0.33104000000, 32.57047000000, '2019-05-02 13:28:50', '2019-05-02 13:28:50'),
(283, 4, 0.35000000000, 0.33106000000, 32.57047500000, '2019-05-02 13:28:56', '2019-05-02 13:28:56'),
(284, 4, 0.19000000000, 0.33104800000, 32.57048000000, '2019-05-02 13:29:02', '2019-05-02 13:29:02'),
(285, 4, 0.19000000000, 0.33106800000, 32.57047200000, '2019-05-02 13:29:08', '2019-05-02 13:29:08'),
(286, 4, 0.39000000000, 0.33111200000, 32.57047800000, '2019-05-02 13:29:13', '2019-05-02 13:29:13'),
(287, 4, 0.31000000000, 0.33110200000, 32.57048000000, '2019-05-02 13:29:19', '2019-05-02 13:29:19'),
(288, 4, 0.26000000000, 0.33106000000, 32.57047000000, '2019-05-02 13:29:25', '2019-05-02 13:29:25'),
(289, 4, 0.22000000000, 0.33105700000, 32.57046800000, '2019-05-02 13:29:30', '2019-05-02 13:29:30'),
(290, 4, 0.30000000000, 0.33103800000, 32.57046700000, '2019-05-02 13:29:36', '2019-05-02 13:29:36'),
(291, 4, 0.17000000000, 0.33101700000, 32.57047200000, '2019-05-02 13:29:42', '2019-05-02 13:29:42'),
(292, 4, 0.07000000000, 0.33099800000, 32.57047300000, '2019-05-02 13:29:48', '2019-05-02 13:29:48'),
(293, 4, 0.20000000000, 0.33099800000, 32.57047500000, '2019-05-02 13:29:53', '2019-05-02 13:29:53'),
(294, 4, 0.50000000000, 0.33100700000, 32.57048000000, '2019-05-02 13:29:58', '2019-05-02 13:29:58'),
(295, 4, 0.56000000000, 0.33102700000, 32.57047800000, '2019-05-02 13:30:04', '2019-05-02 13:30:04'),
(296, 4, 0.26000000000, 0.33105300000, 32.57048300000, '2019-05-02 13:30:10', '2019-05-02 13:30:10'),
(297, 4, 0.15000000000, 0.33106800000, 32.57048000000, '2019-05-02 13:30:15', '2019-05-02 13:30:15'),
(298, 4, 0.20000000000, 0.33107000000, 32.57047500000, '2019-05-02 13:30:20', '2019-05-02 13:30:20'),
(299, 4, 0.39000000000, 0.33108000000, 32.57046200000, '2019-05-02 13:30:26', '2019-05-02 13:30:26'),
(300, 8, 0.31000000000, 0.33099800000, 32.57050000000, '2019-05-02 13:31:06', '2019-05-02 13:31:06'),
(301, 8, 0.41000000000, 0.33104800000, 32.57049300000, '2019-05-02 13:31:12', '2019-05-02 13:31:12'),
(302, 8, 0.28000000000, 0.33105500000, 32.57048700000, '2019-05-02 13:31:17', '2019-05-02 13:31:17'),
(303, 8, 0.35000000000, 0.33105700000, 32.57048000000, '2019-05-02 13:31:23', '2019-05-02 13:31:23'),
(304, 8, 0.02000000000, 0.33105300000, 32.57047200000, '2019-05-02 13:31:28', '2019-05-02 13:31:28'),
(305, 8, 0.04000000000, 0.33105000000, 32.57047000000, '2019-05-02 13:31:34', '2019-05-02 13:31:34'),
(306, 8, 0.02000000000, 0.33105000000, 32.57047700000, '2019-05-02 13:31:40', '2019-05-02 13:31:40'),
(307, 8, 0.02000000000, 0.33105300000, 32.57048300000, '2019-05-02 13:31:46', '2019-05-02 13:31:46'),
(308, 8, 0.02000000000, 0.33105300000, 32.57048500000, '2019-05-02 13:31:51', '2019-05-02 13:31:51'),
(309, 8, 0.00000000000, 0.33105000000, 32.57049200000, '2019-05-02 13:31:56', '2019-05-02 13:31:56'),
(310, 8, 0.02000000000, 0.33105000000, 32.57049300000, '2019-05-02 13:32:02', '2019-05-02 13:32:02'),
(311, 8, 0.06000000000, 0.33105300000, 32.57049000000, '2019-05-02 13:32:07', '2019-05-02 13:32:07'),
(312, 8, 0.09000000000, 0.33104200000, 32.57048800000, '2019-05-02 13:32:13', '2019-05-02 13:32:13'),
(313, 8, 0.04000000000, 0.33103200000, 32.57049000000, '2019-05-02 13:32:19', '2019-05-02 13:32:19'),
(314, 8, 0.06000000000, 0.33101200000, 32.57048300000, '2019-05-02 13:32:25', '2019-05-02 13:32:25'),
(315, 8, 0.02000000000, 0.33099700000, 32.57048700000, '2019-05-02 13:32:30', '2019-05-02 13:32:30'),
(316, 8, 0.02000000000, 0.33099300000, 32.57048800000, '2019-05-02 13:32:36', '2019-05-02 13:32:36'),
(317, 8, 0.02000000000, 0.33099200000, 32.57049800000, '2019-05-02 13:32:42', '2019-05-02 13:32:42'),
(318, 8, 0.04000000000, 0.33099200000, 32.57049800000, '2019-05-02 13:32:48', '2019-05-02 13:32:48'),
(319, 8, 0.06000000000, 0.33099200000, 32.57049800000, '2019-05-02 13:32:54', '2019-05-02 13:32:54'),
(320, 8, 0.06000000000, 0.33098200000, 32.57050300000, '2019-05-02 13:32:59', '2019-05-02 13:32:59'),
(321, 8, 0.02000000000, 0.33097800000, 32.57051000000, '2019-05-02 13:33:04', '2019-05-02 13:33:04'),
(322, 8, 0.02000000000, 0.33096000000, 32.57051700000, '2019-05-02 13:33:10', '2019-05-02 13:33:10'),
(323, 8, 0.07000000000, 0.33092500000, 32.57052300000, '2019-05-02 13:33:16', '2019-05-02 13:33:16'),
(324, 8, 0.07000000000, 0.33089300000, 32.57052500000, '2019-05-02 13:33:21', '2019-05-02 13:33:21'),
(325, 8, 0.06000000000, 0.33086800000, 32.57052500000, '2019-05-02 13:33:26', '2019-05-02 13:33:26'),
(326, 8, 0.04000000000, 0.33084700000, 32.57052500000, '2019-05-02 13:33:32', '2019-05-02 13:33:32'),
(327, 8, 0.07000000000, 0.33085500000, 32.57052700000, '2019-05-02 13:33:37', '2019-05-02 13:33:37'),
(328, 8, 0.04000000000, 0.33088800000, 32.57052700000, '2019-05-02 13:33:43', '2019-05-02 13:33:43'),
(329, 8, 0.02000000000, 0.33090800000, 32.57052800000, '2019-05-02 13:33:49', '2019-05-02 13:33:49'),
(330, 8, 0.07000000000, 0.33088200000, 32.57053500000, '2019-05-02 13:33:54', '2019-05-02 13:33:54'),
(331, 8, 0.06000000000, 0.33087300000, 32.57053500000, '2019-05-02 13:34:00', '2019-05-02 13:34:00'),
(332, 8, 0.06000000000, 0.33087300000, 32.57053500000, '2019-05-02 13:34:05', '2019-05-02 13:34:05'),
(333, 8, 0.00000000000, 0.33087500000, 32.57053300000, '2019-05-02 13:34:11', '2019-05-02 13:34:11'),
(334, 8, 0.04000000000, 0.33088500000, 32.57053200000, '2019-05-02 13:34:17', '2019-05-02 13:34:17'),
(335, 8, 0.06000000000, 0.33090200000, 32.57053200000, '2019-05-02 13:34:22', '2019-05-02 13:34:22'),
(336, 8, 0.06000000000, 0.33092800000, 32.57053000000, '2019-05-02 13:34:28', '2019-05-02 13:34:28'),
(337, 8, 0.06000000000, 0.33096000000, 32.57052500000, '2019-05-02 13:34:33', '2019-05-02 13:34:33'),
(338, 8, 0.07000000000, 0.33098700000, 32.57051700000, '2019-05-02 13:34:39', '2019-05-02 13:34:39'),
(339, 8, 0.04000000000, 0.33100200000, 32.57051500000, '2019-05-02 13:34:44', '2019-05-02 13:34:44'),
(340, 8, 0.07000000000, 0.33100200000, 32.57051500000, '2019-05-02 13:34:50', '2019-05-02 13:34:50'),
(341, 8, 0.02000000000, 0.33100200000, 32.57051500000, '2019-05-02 13:34:56', '2019-05-02 13:34:56'),
(342, 8, 0.02000000000, 0.33098800000, 32.57051800000, '2019-05-02 13:35:02', '2019-05-02 13:35:02'),
(343, 8, 0.02000000000, 0.33098800000, 32.57051800000, '2019-05-02 13:35:07', '2019-05-02 13:35:07'),
(344, 8, 0.13000000000, 0.33100200000, 32.57052000000, '2019-05-02 13:35:13', '2019-05-02 13:35:13'),
(345, 8, 0.06000000000, 0.33102700000, 32.57052200000, '2019-05-02 13:35:19', '2019-05-02 13:35:19'),
(346, 8, 0.06000000000, 0.33102000000, 32.57052500000, '2019-05-02 13:35:24', '2019-05-02 13:35:24'),
(347, 8, 0.02000000000, 0.33102300000, 32.57052300000, '2019-05-02 13:35:30', '2019-05-02 13:35:30'),
(348, 8, 0.02000000000, 0.33102300000, 32.57052300000, '2019-05-02 13:35:35', '2019-05-02 13:35:35'),
(349, 8, 0.04000000000, 0.33102300000, 32.57052500000, '2019-05-02 13:35:40', '2019-05-02 13:35:40'),
(350, 8, 0.02000000000, 0.33102300000, 32.57052500000, '2019-05-02 13:35:46', '2019-05-02 13:35:46'),
(351, 8, 0.07000000000, 0.33102800000, 32.57052500000, '2019-05-02 13:35:51', '2019-05-02 13:35:51'),
(352, 8, 0.11000000000, 0.33101200000, 32.57052000000, '2019-05-02 13:35:56', '2019-05-02 13:35:56'),
(353, 8, 0.07000000000, 0.33099000000, 32.57052000000, '2019-05-02 13:36:03', '2019-05-02 13:36:03'),
(354, 8, 0.07000000000, 0.33096300000, 32.57052000000, '2019-05-02 13:36:08', '2019-05-02 13:36:08'),
(355, 8, 0.02000000000, 0.33095300000, 32.57052200000, '2019-05-02 13:36:14', '2019-05-02 13:36:14'),
(356, 8, 0.04000000000, 0.33094700000, 32.57052500000, '2019-05-02 13:36:20', '2019-05-02 13:36:20'),
(357, 8, 0.11000000000, 0.33092800000, 32.57052700000, '2019-05-02 13:36:25', '2019-05-02 13:36:25'),
(358, 8, 0.09000000000, 0.33090800000, 32.57052700000, '2019-05-02 13:36:30', '2019-05-02 13:36:30'),
(359, 8, 0.02000000000, 0.33089700000, 32.57052500000, '2019-05-02 13:36:36', '2019-05-02 13:36:36'),
(360, 8, 0.04000000000, 0.33089700000, 32.57052500000, '2019-05-02 13:36:42', '2019-05-02 13:36:42'),
(361, 8, 0.17000000000, 0.33091300000, 32.57052500000, '2019-05-02 13:36:48', '2019-05-02 13:36:48'),
(362, 8, 0.22000000000, 0.33092500000, 32.57052500000, '2019-05-02 13:36:53', '2019-05-02 13:36:53'),
(363, 8, 0.02000000000, 0.33092200000, 32.57052300000, '2019-05-02 13:36:59', '2019-05-02 13:36:59'),
(364, 8, 0.02000000000, 0.33092000000, 32.57052200000, '2019-05-02 13:37:05', '2019-05-02 13:37:05'),
(365, 8, 0.00000000000, 0.33092000000, 32.57052300000, '2019-05-02 13:37:10', '2019-05-02 13:37:10'),
(366, 8, 0.02000000000, 0.33092300000, 32.57052200000, '2019-05-02 13:37:16', '2019-05-02 13:37:16'),
(367, 8, 0.04000000000, 0.33092000000, 32.57051800000, '2019-05-02 13:37:21', '2019-05-02 13:37:21'),
(368, 8, 0.04000000000, 0.33091700000, 32.57051800000, '2019-05-02 13:37:26', '2019-05-02 13:37:26'),
(369, 8, 0.04000000000, 0.33092800000, 32.57051800000, '2019-05-02 13:37:32', '2019-05-02 13:37:32'),
(370, 8, 0.02000000000, 0.33094200000, 32.57051800000, '2019-05-02 13:37:37', '2019-05-02 13:37:37'),
(371, 8, 0.11000000000, 0.33097200000, 32.57051800000, '2019-05-02 13:37:43', '2019-05-02 13:37:43'),
(372, 8, 0.04000000000, 0.33100700000, 32.57051800000, '2019-05-02 13:37:49', '2019-05-02 13:37:49'),
(373, 8, 0.11000000000, 0.33103800000, 32.57051700000, '2019-05-02 13:37:54', '2019-05-02 13:37:54'),
(374, 8, 0.02000000000, 0.33105500000, 32.57051500000, '2019-05-02 13:37:59', '2019-05-02 13:37:59'),
(375, 8, 0.09000000000, 0.33105500000, 32.57051500000, '2019-05-02 13:38:04', '2019-05-02 13:38:04'),
(376, 8, 0.09000000000, 0.33105300000, 32.57051300000, '2019-05-02 13:38:10', '2019-05-02 13:38:10'),
(377, 8, 0.02000000000, 0.33105300000, 32.57051300000, '2019-05-02 13:38:16', '2019-05-02 13:38:16'),
(378, 8, 0.00000000000, 0.33105300000, 32.57051300000, '2019-05-02 13:38:21', '2019-05-02 13:38:21'),
(379, 8, 0.02000000000, 0.33105200000, 32.57051300000, '2019-05-02 13:38:27', '2019-05-02 13:38:27'),
(380, 8, 0.02000000000, 0.33105300000, 32.57051300000, '2019-05-02 13:38:32', '2019-05-02 13:38:32'),
(381, 8, 0.02000000000, 0.33105300000, 32.57051300000, '2019-05-02 13:38:37', '2019-05-02 13:38:37'),
(382, 8, 0.00000000000, 0.33105500000, 32.57051300000, '2019-05-02 13:38:43', '2019-05-02 13:38:43'),
(383, 8, 0.04000000000, 0.33105800000, 32.57051200000, '2019-05-02 13:38:49', '2019-05-02 13:38:49'),
(384, 8, 0.02000000000, 0.33105700000, 32.57051200000, '2019-05-02 13:38:54', '2019-05-02 13:38:54'),
(385, 8, 0.04000000000, 0.33105500000, 32.57051000000, '2019-05-02 13:39:00', '2019-05-02 13:39:00'),
(386, 8, 0.09000000000, 0.33104700000, 32.57051000000, '2019-05-02 13:39:06', '2019-05-02 13:39:06');

-- --------------------------------------------------------

--
-- Table structure for table `location_finders`
--

CREATE TABLE `location_finders` (
  `id` bigint(20) UNSIGNED NOT NULL,
  `bus_id` bigint(20) UNSIGNED NOT NULL,
  `device_id` varchar(255) COLLATE utf8mb4_unicode_ci NOT NULL,
  `status` varchar(255) COLLATE utf8mb4_unicode_ci NOT NULL,
  `flag` int(1) NOT NULL,
  `created_at` timestamp NULL DEFAULT NULL,
  `updated_at` timestamp NULL DEFAULT NULL
) ENGINE=InnoDB DEFAULT CHARSET=utf8mb4 COLLATE=utf8mb4_unicode_ci;

--
-- Dumping data for table `location_finders`
--

INSERT INTO `location_finders` (`id`, `bus_id`, `device_id`, `status`, `flag`, `created_at`, `updated_at`) VALUES
(1, 1, 'ddeo01', 'active', 0, '2019-03-11 08:47:15', '2019-03-11 08:47:15'),
(2, 2, 'ddeo02', 'active', 1, '2019-03-11 08:47:35', '2019-03-11 08:47:35'),
(3, 4, 'dddeee122', 'active', 0, '2019-04-21 05:59:50', '2019-04-21 05:59:50'),
(4, 3, 'ddeo03', 'active', 0, '2019-04-22 21:00:00', '2019-04-22 21:00:00'),
(5, 7, 'ddeo08', 'active', 0, '2019-04-22 13:49:40', '2019-04-22 13:49:40'),
(6, 8, 'ddeo07', 'active', 0, '2019-04-22 13:49:55', '2019-04-22 13:49:55'),
(7, 6, 'ddeo06', 'active', 0, '2019-04-22 13:50:19', '2019-04-22 13:50:19'),
(8, 5, 'ddeo5', 'active', 0, '2019-04-22 13:50:42', '2019-04-22 13:50:42');

-- --------------------------------------------------------

--
-- Table structure for table `migrations`
--

CREATE TABLE `migrations` (
  `id` int(10) UNSIGNED NOT NULL,
  `migration` varchar(255) COLLATE utf8mb4_unicode_ci NOT NULL,
  `batch` int(11) NOT NULL
) ENGINE=InnoDB DEFAULT CHARSET=utf8mb4 COLLATE=utf8mb4_unicode_ci;

--
-- Dumping data for table `migrations`
--

INSERT INTO `migrations` (`id`, `migration`, `batch`) VALUES
(1, '2014_10_12_000000_create_users_table', 1),
(2, '2014_10_12_100000_create_password_resets_table', 1),
(3, '2019_03_09_194930_create_devices_table', 1),
(4, '2019_03_09_194952_create_bus_company_table', 1),
(5, '2019_03_09_195000_create_buses_table', 1),
(6, '2019_03_09_195016_create_location_finders_table', 1),
(7, '2019_03_09_195030_create_police_table', 1),
(8, '2019_03_09_195049_create_locations_table', 1),
(9, '2019_03_09_195104_create_penalties_table', 1);

-- --------------------------------------------------------

--
-- Table structure for table `password_resets`
--

CREATE TABLE `password_resets` (
  `email` varchar(255) COLLATE utf8mb4_unicode_ci NOT NULL,
  `token` varchar(255) COLLATE utf8mb4_unicode_ci NOT NULL,
  `created_at` timestamp NULL DEFAULT NULL
) ENGINE=InnoDB DEFAULT CHARSET=utf8mb4 COLLATE=utf8mb4_unicode_ci;

-- --------------------------------------------------------

--
-- Table structure for table `penalties`
--

CREATE TABLE `penalties` (
  `id` bigint(20) UNSIGNED NOT NULL,
  `assigned_by` bigint(20) UNSIGNED NOT NULL,
  `location_finder_id` bigint(20) UNSIGNED NOT NULL,
  `location_id` bigint(20) UNSIGNED NOT NULL,
  `latitude` double NOT NULL,
  `longitude` double NOT NULL,
  `speed` double NOT NULL,
  `place` varchar(255) COLLATE utf8mb4_unicode_ci NOT NULL,
  `status` varchar(60) COLLATE utf8mb4_unicode_ci NOT NULL DEFAULT 'pending',
  `cleared_by` bigint(20) UNSIGNED DEFAULT NULL,
  `assigned_date` timestamp NOT NULL DEFAULT CURRENT_TIMESTAMP ON UPDATE CURRENT_TIMESTAMP,
  `cleared_date` datetime DEFAULT NULL,
  `created_at` timestamp NULL DEFAULT NULL,
  `updated_at` timestamp NULL DEFAULT NULL
) ENGINE=InnoDB DEFAULT CHARSET=utf8mb4 COLLATE=utf8mb4_unicode_ci;

--
-- Dumping data for table `penalties`
--

INSERT INTO `penalties` (`id`, `assigned_by`, `location_finder_id`, `location_id`, `latitude`, `longitude`, `speed`, `place`, `status`, `cleared_by`, `assigned_date`, `cleared_date`, `created_at`, `updated_at`) VALUES
(2, 2, 2, 20, 0.34, 32.56, 5, 'one', 'Provisional', 1, '2019-05-28 21:40:01', '2019-05-02 16:27:11', '2019-04-19 11:48:10', '2019-05-02 13:27:11'),
(3, 2, 1, 3, 0.327714, 32.567314, 1, 'one', 'Cleared', 1, '2019-05-28 21:40:09', '2019-04-19 15:58:45', '2019-04-19 11:56:59', '2019-04-19 12:58:45'),
(4, 2, 6, 27, 2.018, 32.0837, 95.8, 'two', 'Cleared', 1, '2019-05-28 21:40:13', '2019-04-23 23:51:06', '2019-04-23 20:50:26', '2019-04-23 20:51:06');

-- --------------------------------------------------------

--
-- Table structure for table `police`
--

CREATE TABLE `police` (
  `id` bigint(20) UNSIGNED NOT NULL,
  `address` varchar(255) COLLATE utf8mb4_unicode_ci NOT NULL,
  `role` varchar(255) COLLATE utf8mb4_unicode_ci NOT NULL,
  `created_at` timestamp NULL DEFAULT NULL,
  `updated_at` timestamp NULL DEFAULT NULL
) ENGINE=InnoDB DEFAULT CHARSET=utf8mb4 COLLATE=utf8mb4_unicode_ci;

--
-- Dumping data for table `police`
--

INSERT INTO `police` (`id`, `address`, `role`, `created_at`, `updated_at`) VALUES
(1, 'kampala', 'admin', '2019-03-11 06:16:08', '2019-03-11 06:16:08'),
(2, 'mbarara', 'officer', '2019-04-15 21:00:00', '2019-04-15 21:00:00');

-- --------------------------------------------------------

--
-- Table structure for table `users`
--

CREATE TABLE `users` (
  `id` bigint(20) UNSIGNED NOT NULL,
  `name` varchar(255) COLLATE utf8mb4_unicode_ci NOT NULL,
  `email` varchar(255) COLLATE utf8mb4_unicode_ci NOT NULL,
  `category` varchar(255) COLLATE utf8mb4_unicode_ci NOT NULL,
  `email_verified_at` timestamp NULL DEFAULT NULL,
  `password` varchar(255) COLLATE utf8mb4_unicode_ci NOT NULL,
  `remember_token` varchar(100) COLLATE utf8mb4_unicode_ci DEFAULT NULL,
  `created_at` timestamp NULL DEFAULT NULL,
  `updated_at` timestamp NULL DEFAULT NULL
) ENGINE=InnoDB DEFAULT CHARSET=utf8mb4 COLLATE=utf8mb4_unicode_ci;

--
-- Dumping data for table `users`
--

INSERT INTO `users` (`id`, `name`, `email`, `category`, `email_verified_at`, `password`, `remember_token`, `created_at`, `updated_at`) VALUES
(1, 'alvin', 'alvin@gmail.com', 'police', NULL, '$2y$10$0bkTEgQ/7/KV/j3JMSLQ6.X.ByGUCKBIGS6uYTNBhRlO2vXSPIptS', NULL, '2019-04-21 21:00:00', '2019-05-25 03:10:50'),
(2, 'roland', 'roland@gmail.com', 'police', NULL, '$2y$10$Al.jXtJou73I1y1nsmtOqOLs6iXJ5RhvZobBDErNNCNsoAn8caubW', NULL, '2019-04-21 21:00:00', '2019-05-26 14:11:32'),
(3, 'kidega', 'kidega@gmail.com', 'bus_admin', NULL, '$2y$10$3hcWYWgZh707d8Ui5NPWj.CzgduWe6zJTz5MKHDXrzQgRurR2slHO', NULL, '2019-04-22 21:00:00', '2019-05-22 20:26:52'),
(4, 'afedra', 'afedra@gmail.com', 'bus_admin', NULL, '$2y$10$1U/kVVYIN.n/I8tnr9dJeOBqbUBLylT.4wkZcX4DbuvHliHRF6fry', NULL, '2019-04-22 21:00:00', '2019-05-28 22:19:27'),
(5, 'benjamin', 'benjamin@gmail.com', 'system_admin', NULL, '$2y$10$YpQ.OMIB95zp7Q/XWF7kTeWyWCjoGL.hheVOLV9wx8qJOsUywkCni', NULL, '2019-04-22 21:00:00', '2019-05-28 20:31:35'),
(6, 'fred', 'fred@gmail.com', 'public', NULL, 'fred', NULL, '2019-04-22 21:00:00', '2019-04-22 21:00:00'),
(10, 'Bronah', 'bronah@gmail.com', 'public', NULL, '$2y$10$4nEmaGo5qlXBAKIJYKef2OcigtkNuPjmHmU.fBuQDBj5HvYSh4T7q', NULL, '2019-05-19 05:59:18', '2019-05-19 05:59:18');

--
-- Indexes for dumped tables
--

--
-- Indexes for table `buses`
--
ALTER TABLE `buses`
  ADD PRIMARY KEY (`id`),
  ADD UNIQUE KEY `number_plate` (`number_plate`),
  ADD KEY `buses_bus_company_id_index` (`bus_company_id`);

--
-- Indexes for table `bus_admins`
--
ALTER TABLE `bus_admins`
  ADD PRIMARY KEY (`id`),
  ADD KEY `company_id` (`company_id`);

--
-- Indexes for table `bus_companies`
--
ALTER TABLE `bus_companies`
  ADD PRIMARY KEY (`id`);

--
-- Indexes for table `devices`
--
ALTER TABLE `devices`
  ADD PRIMARY KEY (`id`),
  ADD UNIQUE KEY `devices_alphanumeric_string_unique` (`alphanumeric_string`);

--
-- Indexes for table `locations`
--
ALTER TABLE `locations`
  ADD PRIMARY KEY (`id`),
  ADD KEY `locations_location_finder_id_index` (`location_finder_id`);

--
-- Indexes for table `location_finders`
--
ALTER TABLE `location_finders`
  ADD PRIMARY KEY (`id`),
  ADD KEY `location_finders_bus_id_index` (`bus_id`),
  ADD KEY `location_finders_device_id_index` (`device_id`);

--
-- Indexes for table `migrations`
--
ALTER TABLE `migrations`
  ADD PRIMARY KEY (`id`);

--
-- Indexes for table `password_resets`
--
ALTER TABLE `password_resets`
  ADD KEY `password_resets_email_index` (`email`);

--
-- Indexes for table `penalties`
--
ALTER TABLE `penalties`
  ADD PRIMARY KEY (`id`),
  ADD UNIQUE KEY `location_id` (`location_id`),
  ADD KEY `penalties_police_id_index` (`assigned_by`),
  ADD KEY `penalties_location_finder_id_index` (`location_finder_id`),
  ADD KEY `cleared_by` (`cleared_by`);

--
-- Indexes for table `police`
--
ALTER TABLE `police`
  ADD PRIMARY KEY (`id`);

--
-- Indexes for table `users`
--
ALTER TABLE `users`
  ADD PRIMARY KEY (`id`),
  ADD UNIQUE KEY `users_email_unique` (`email`);

--
-- AUTO_INCREMENT for dumped tables
--

--
-- AUTO_INCREMENT for table `buses`
--
ALTER TABLE `buses`
  MODIFY `id` bigint(20) UNSIGNED NOT NULL AUTO_INCREMENT, AUTO_INCREMENT=9;
--
-- AUTO_INCREMENT for table `bus_admins`
--
ALTER TABLE `bus_admins`
  MODIFY `id` bigint(20) UNSIGNED NOT NULL AUTO_INCREMENT, AUTO_INCREMENT=5;
--
-- AUTO_INCREMENT for table `bus_companies`
--
ALTER TABLE `bus_companies`
  MODIFY `id` bigint(20) UNSIGNED NOT NULL AUTO_INCREMENT, AUTO_INCREMENT=5;
--
-- AUTO_INCREMENT for table `devices`
--
ALTER TABLE `devices`
  MODIFY `id` bigint(20) UNSIGNED NOT NULL AUTO_INCREMENT, AUTO_INCREMENT=10;
--
-- AUTO_INCREMENT for table `locations`
--
ALTER TABLE `locations`
  MODIFY `id` bigint(20) UNSIGNED NOT NULL AUTO_INCREMENT, AUTO_INCREMENT=387;
--
-- AUTO_INCREMENT for table `location_finders`
--
ALTER TABLE `location_finders`
  MODIFY `id` bigint(20) UNSIGNED NOT NULL AUTO_INCREMENT, AUTO_INCREMENT=9;
--
-- AUTO_INCREMENT for table `migrations`
--
ALTER TABLE `migrations`
  MODIFY `id` int(10) UNSIGNED NOT NULL AUTO_INCREMENT, AUTO_INCREMENT=10;
--
-- AUTO_INCREMENT for table `penalties`
--
ALTER TABLE `penalties`
  MODIFY `id` bigint(20) UNSIGNED NOT NULL AUTO_INCREMENT, AUTO_INCREMENT=5;
--
-- AUTO_INCREMENT for table `police`
--
ALTER TABLE `police`
  MODIFY `id` bigint(20) UNSIGNED NOT NULL AUTO_INCREMENT, AUTO_INCREMENT=3;
--
-- AUTO_INCREMENT for table `users`
--
ALTER TABLE `users`
  MODIFY `id` bigint(20) UNSIGNED NOT NULL AUTO_INCREMENT, AUTO_INCREMENT=11;
--
-- Constraints for dumped tables
--

--
-- Constraints for table `buses`
--
ALTER TABLE `buses`
  ADD CONSTRAINT `buses_bus_company_id_foreign` FOREIGN KEY (`bus_company_id`) REFERENCES `bus_companies` (`id`) ON DELETE CASCADE;

--
-- Constraints for table `bus_admins`
--
ALTER TABLE `bus_admins`
  ADD CONSTRAINT `bus_admins_ibfk_1` FOREIGN KEY (`id`) REFERENCES `users` (`id`) ON DELETE CASCADE,
  ADD CONSTRAINT `bus_admins_ibfk_2` FOREIGN KEY (`company_id`) REFERENCES `bus_companies` (`id`) ON DELETE CASCADE;

--
-- Constraints for table `locations`
--
ALTER TABLE `locations`
  ADD CONSTRAINT `locations_location_finder_id_foreign` FOREIGN KEY (`location_finder_id`) REFERENCES `location_finders` (`id`) ON DELETE CASCADE;

--
-- Constraints for table `location_finders`
--
ALTER TABLE `location_finders`
  ADD CONSTRAINT `location_finders_bus_id_foreign` FOREIGN KEY (`bus_id`) REFERENCES `buses` (`id`) ON DELETE CASCADE,
  ADD CONSTRAINT `location_finders_device_id_foreign` FOREIGN KEY (`device_id`) REFERENCES `devices` (`alphanumeric_string`) ON DELETE CASCADE;

--
-- Constraints for table `penalties`
--
ALTER TABLE `penalties`
  ADD CONSTRAINT `penalties_ibfk_1` FOREIGN KEY (`cleared_by`) REFERENCES `police` (`id`) ON DELETE CASCADE,
  ADD CONSTRAINT `penalties_ibfk_2` FOREIGN KEY (`location_id`) REFERENCES `locations` (`id`) ON DELETE CASCADE,
  ADD CONSTRAINT `penalties_location_finder_id_foreign` FOREIGN KEY (`location_finder_id`) REFERENCES `location_finders` (`id`) ON DELETE CASCADE,
  ADD CONSTRAINT `penalties_police_id_foreign` FOREIGN KEY (`assigned_by`) REFERENCES `police` (`id`) ON DELETE CASCADE;

--
-- Constraints for table `police`
--
ALTER TABLE `police`
  ADD CONSTRAINT `police_ibfk_1` FOREIGN KEY (`id`) REFERENCES `users` (`id`) ON DELETE CASCADE;

/*!40101 SET CHARACTER_SET_CLIENT=@OLD_CHARACTER_SET_CLIENT */;
/*!40101 SET CHARACTER_SET_RESULTS=@OLD_CHARACTER_SET_RESULTS */;
/*!40101 SET COLLATION_CONNECTION=@OLD_COLLATION_CONNECTION */;
